lote,combo,backbone,size,dim,lr,weight_power,modo,encoder_lr,rep,pliegue,augment,best_epoch,best_miou,top5,sigma,iou_background,iou_track,iou_kart,iou_pickup,iou_nitro,iou_bomb,iou_projectile,minutos,estado
20260910_095607,large_s448_d256_lr0.001_p0.30_b48_el1e-05_r2_f2,large,448,256,0.001,0.3,b48,1e-05,2,f2,1,29,0.6292015910148621,0.6080959916114808,0.02270706425716201,0.8779781460762024,0.8863265514373779,0.9361498355865479,0.6387056112289429,0.4557605981826782,0.4280615746974945,0.18142879009246826,23.64,ok
20260909_204201,large_s448_d256_lr0.001_p0.30_b48_el1e-05_r4,large,448,256,0.001,0.3,b48,1e-05,4,f1,1,15,0.6007336378097534,0.5900506973266602,0.009615271619385373,0.8790960907936096,0.8742749094963074,0.8157749772071838,0.5495305061340332,0.45604434609413147,0.21800829470157623,0.41240638494491577,18.71,ok
20260910_095607,large_s448_d256_lr0.001_p0.30_none_el1e-05_r1_f2,large,448,256,0.001,0.3,none,1e-05,1,f2,1,18,0.600164532661438,0.5762565493583679,0.029046148057437125,0.866644561290741,0.8769987225532532,0.903809666633606,0.6560468673706055,0.3472939431667328,0.25978270173072815,0.2905753552913666,9.21,ok
20260909_204201,large_s448_d256_lr0.001_p0.30_b28_el0.0001_r4,large,448,256,0.001,0.3,b28,0.0001,4,f1,1,29,0.5996657013893127,0.5850628614425659,0.010382941039656432,0.8832643628120422,0.8800753355026245,0.8097429275512695,0.7264570593833923,0.5695437788963318,0.2898922264575958,0.03868434205651283,17.62,ok
20260910_095607,large_s448_d256_lr0.001_p0.30_none_el1e-05_r2_f2,large,448,256,0.001,0.3,none,1e-05,2,f2,1,28,0.5971921682357788,0.5907284498214722,0.00980862391085656,0.8691630959510803,0.8800256252288818,0.9259868264198303,0.6225029230117798,0.5772088766098022,0.3054579198360443,0.0,10.22,ok
20260910_095607,large_s448_d256_lr0.001_p0.30_b48_el1e-05_r1_f2,large,448,256,0.001,0.3,b48,1e-05,1,f2,1,24,0.5933737754821777,0.5838361263275147,0.006617283172356799,0.8749086856842041,0.8847675919532776,0.9343651533126831,0.6394671201705933,0.4839477241039276,0.3356854319572449,0.0004745633923448622,23.7,ok
20260909_204201,large_s448_d256_lr0.001_p0.30_b28_el1e-05_r1,large,448,256,0.001,0.3,b28,1e-05,1,f1,1,16,0.5903306603431702,0.5812394618988037,0.02008625740881097,0.8197892308235168,0.7998244166374207,0.8165823817253113,0.7400162816047668,0.2566758394241333,0.3004412353038788,0.39898523688316345,14.75,ok
20260909_204201,large_s448_d256_lr0.001_p0.30_b28_el1e-05_r3,large,448,256,0.001,0.3,b28,1e-05,3,f1,1,18,0.5822068452835083,0.5765962243080139,0.007820756458184785,0.9068878889083862,0.9033194780349731,0.8032179474830627,0.7162714004516602,0.4469582438468933,0.22767338156700134,0.07111988216638565,20.29,ok
20260909_204201,large_s448_d256_lr0.001_p0.30_b48_el1e-05_r3,large,448,256,0.001,0.3,b48,1e-05,3,f1,1,26,0.5744239687919617,0.571398913860321,0.008539700835172241,0.8864486813545227,0.8819024562835693,0.8119428157806396,0.782256543636322,0.32180675864219666,0.22852160036563873,0.10808923095464706,23.46,ok
20260909_204201,large_s448_d256_lr0.001_p0.30_b48_el0.0001_r4,large,448,256,0.001,0.3,b48,0.0001,4,f1,1,20,0.5690879821777344,0.5616010785102844,0.016106599142133013,0.8467045426368713,0.8368563055992126,0.7657771706581116,0.6556246280670166,0.5201753973960876,0.35847777128219604,0.0,22.49,ok
20260909_204201,large_s448_d256_lr0.001_p0.30_b15_el1e-06_r4,large,448,256,0.001,0.3,b15,1e-06,4,f1,1,29,0.5587649941444397,0.5397317051887512,0.030532372108114304,0.7627760767936707,0.7179176807403564,0.7472832798957825,0.49551156163215637,0.5358188152313232,0.21856914460659027,0.433478444814682,14.19,ok
20260909_204201,large_s448_d256_lr0.001_p0.30_b48_el1e-05_r2,large,448,256,0.001,0.3,b48,1e-05,2,f1,1,17,0.5580199956893921,0.548705780506134,0.011170133255650248,0.8680049777030945,0.861493706703186,0.8209952116012573,0.5684424638748169,0.4179673492908478,0.19332881271839142,0.17590753734111786,20.21,ok
20260909_204201,large_s448_d256_lr0.001_p0.30_b48_el0.0001_r1,large,448,256,0.001,0.3,b48,0.0001,1,f1,1,14,0.557597279548645,0.5364371180534363,0.035184132140279684,0.8641871213912964,0.8609666228294373,0.7410521507263184,0.6744204163551331,0.4863649308681488,0.2761898934841156,0.0,17.85,ok
20260909_204201,large_s448_d256_lr0.001_p0.30_b48_el0.0001_r2,large,448,256,0.001,0.3,b48,0.0001,2,f1,1,21,0.5546175241470337,0.5431496262550354,0.019391656604189338,0.8270394802093506,0.8128882050514221,0.8070358037948608,0.7201013565063477,0.5295451283454895,0.0780419111251831,0.10767101496458054,23.36,ok
20260909_204201,large_s448_d256_lr0.001_p0.30_b48_el1e-05_r1,large,448,256,0.001,0.3,b48,1e-05,1,f1,1,22,0.5522547960281372,0.5462561964988708,0.02889309452612998,0.8815638422966003,0.8756221532821655,0.7951731085777283,0.6208968758583069,0.3184455931186676,0.3740819990634918,0.0,23.46,ok
20260909_204201,large_s448_d256_lr0.001_p0.30_b15_el0.0001_r1,large,448,256,0.001,0.3,b15,0.0001,1,f1,1,27,0.5502150654792786,0.5345715165138245,0.010886864318988682,0.8067986965179443,0.7855932712554932,0.8200698494911194,0.749923825263977,0.43656325340270996,0.15173456072807312,0.10082173347473145,18.23,ok
20260909_204201,large_s448_d256_lr0.001_p0.30_b15_el1e-05_r4,large,448,256,0.001,0.3,b15,1e-05,4,f1,1,27,0.5439510941505432,0.5275604844093322,0.011596211119299196,0.8588456511497498,0.8478833436965942,0.7911921739578247,0.353225976228714,0.3813033699989319,0.23283891379833221,0.34236839413642883,14.21,ok
20260909_204201,large_s448_d256_lr0.001_p0.30_none_el1e-06_r3,large,448,256,0.001,0.3,none,1e-06,3,f1,1,19,0.5419177412986755,0.5122062563896179,0.029501740907488454,0.7784097194671631,0.7422008514404297,0.7766320109367371,0.47629719972610474,0.5573082566261292,0.213436558842659,0.2491397261619568,9.93,ok
20260909_204201,large_s448_d256_lr0.001_p0.30_b28_el0.0001_r3,large,448,256,0.001,0.3,b28,0.0001,3,f1,1,28,0.5384261012077332,0.5349971413612366,0.012263096434043795,0.8805546760559082,0.875605046749115,0.7996397018432617,0.6488139629364014,0.329225093126297,0.23130977153778076,0.003834388917312026,17.52,ok
20260909_204201,large_s448_d256_lr0.001_p0.30_b48_el1e-06_r3,large,448,256,0.001,0.3,b48,1e-06,3,f1,1,28,0.5373417735099792,0.5210103631019593,0.010746774507092268,0.7923641204833984,0.760110080242157,0.7701176404953003,0.4954252541065216,0.5654593706130981,0.21426525712013245,0.16365091502666473,23.55,ok
20260910_095607,large_s448_d256_lr0.001_p0.30_b48_el1e-05_r2_f3,large,448,256,0.001,0.3,b48,1e-05,2,f3,1,7,0.536830484867096,0.5095366895198822,0.037228223977058265,0.7711600661277771,0.7227509021759033,0.8962568044662476,0.5867704749107361,0.12449271231889725,0.119551882147789,nan,12.58,ok
20260909_204201,large_s448_d256_lr0.001_p0.30_none_el1e-05_r2,large,448,256,0.001,0.3,none,1e-05,2,f1,1,22,0.5352188348770142,0.5123297929763794,0.026511078698116027,0.7771721482276917,0.7409678101539612,0.7512363195419312,0.34572634100914,0.3819538354873657,0.33172130584716797,0.41775399446487427,10.02,ok
20260909_204201,large_s448_d256_lr0.001_p0.30_b48_el0.0001_r3,large,448,256,0.001,0.3,b48,0.0001,3,f1,1,8,0.5352171659469604,0.5260014772415161,0.026717796571000946,0.8857609033584595,0.8794225454330444,0.715088963508606,0.6113045811653137,0.49779075384140015,0.15715292096138,0.0,13.32,ok
20260909_204201,large_s448_d256_lr0.001_p0.30_b28_el1e-06_r4,large,448,256,0.001,0.3,b28,1e-06,4,f1,1,24,0.5333030223846436,0.5242775201797485,0.008957907624564589,0.7835310101509094,0.7495251893997192,0.7748912572860718,0.5480983257293701,0.3393002152442932,0.18498148024082184,0.3527933955192566,17.51,ok
20260909_165356,base_plus_s448_d256_lr0.0003_p0.20,base_plus,448,256,0.0003,0.2,none,,,f1,1,11,0.5320108532905579,,,0.859529972076416,0.8572505116462708,0.7744207382202148,0.6336561441421509,0.4615330100059509,0.13768534362316132,0.0,3.35,ok
20260909_204201,large_s448_d256_lr0.001_p0.30_b28_el1e-05_r4,large,448,256,0.001,0.3,b28,1e-05,4,f1,1,9,0.531276285648346,0.5130754590034485,0.032480516468811456,0.8368556499481201,0.8190934062004089,0.7458415031433105,0.5627904534339905,0.48826292157173157,0.26609012484550476,0.0,10.64,ok
20260909_165356,small_s448_d256_lr0.001_p0.30,small,448,256,0.001,0.3,none,,,f1,1,36,0.5312327742576599,,,0.7576118111610413,0.7086731195449829,0.6949150562286377,0.6821332573890686,0.42272183299064636,0.20805290341377258,0.2445218414068222,4.4,ok
20260909_165356,large_s448_d256_lr0.0003_p0.30,large,448,256,0.0003,0.3,none,,,f1,1,20,0.5303269028663635,,,0.7369626760482788,0.6828802824020386,0.7945712804794312,0.4672435224056244,0.614072322845459,0.17408983409404755,0.24246834218502045,10.27,ok
20260909_165356,large_s448_d128_lr0.001_p0.20,large,448,128,0.001,0.2,none,,,f1,1,16,0.529874861240387,,,0.814915120601654,0.7971394658088684,0.8027289509773254,0.6170338988304138,0.46034640073776245,0.15605206787586212,0.06090783700346947,9.53,ok
20260909_165356,large_s448_d256_lr0.001_p0.20,large,448,256,0.001,0.2,none,,,f1,1,27,0.5287293791770935,,,0.7738841772079468,0.7402553558349609,0.7623456716537476,0.48177748918533325,0.6154656410217285,0.192674458026886,0.1347031593322754,12.7,ok
20260909_204201,large_s448_d256_lr0.001_p0.30_b15_el1e-06_r1,large,448,256,0.001,0.3,b15,1e-06,1,f1,1,12,0.5284352898597717,0.5037622630596161,0.016463645408899715,0.779447078704834,0.7447308301925659,0.7392252683639526,0.48842617869377136,0.4408430755138397,0.4762205481529236,0.03015407919883728,9.97,ok
20260909_204201,large_s448_d256_lr0.001_p0.30_b48_el1e-06_r1,large,448,256,0.001,0.3,b48,1e-06,1,f1,1,26,0.52776038646698,0.5206437110900879,0.010156822013092965,0.7734126448631287,0.7318731546401978,0.7712710499763489,0.4597385823726654,0.6121190786361694,0.2924175262451172,0.05349104478955269,23.35,ok
20260909_183741,large_s448_d256_lr0.001_p0.30,large,448,256,0.001,0.3,none,,,f1,1,26,0.5265467166900635,0.5179375052452088,0.016929000680003144,0.8029133081436157,0.7752617001533508,0.7498778700828552,0.4532569348812103,0.5234112739562988,0.27846720814704895,0.10263872891664505,10.06,ok
20260909_183741,large_s1024_d512_lr0.001_p0.30,large,1024,512,0.001,0.3,none,,,f1,1,8,0.5254281163215637,0.47768829464912416,0.036315417604987986,0.7937030792236328,0.7633916735649109,0.7501186728477478,0.5146355628967285,0.6428741812705994,0.20896774530410767,0.004305791109800339,28.2,ok
20260909_204201,large_s448_d256_lr0.001_p0.30_b28_el1e-05_r2,large,448,256,0.001,0.3,b28,1e-05,2,f1,1,11,0.5247030258178711,0.5208202600479126,0.01847106689924821,0.8277651071548462,0.8061361908912659,0.7454441785812378,0.6311928033828735,0.4505765438079834,0.21180668473243713,0.0,11.69,ok
20260909_204201,large_s448_d256_lr0.001_p0.30_b28_el0.0001_r2,large,448,256,0.001,0.3,b28,0.0001,2,f1,1,7,0.5224786400794983,0.49866862297058107,0.01877654332296499,0.9053866863250732,0.9067835807800293,0.7382480502128601,0.538640022277832,0.39589279890060425,0.17239908874034882,0.0,9.49,ok
20260909_183741,large_s448_d512_lr0.001_p0.30,large,448,512,0.001,0.3,none,,,f1,1,29,0.5223435163497925,0.5096015930175781,0.022498431772247758,0.7532857060432434,0.7032288908958435,0.7639241218566895,0.5734027624130249,0.4660721719264984,0.16055448353290558,0.2359362542629242,10.75,ok
20260909_204201,large_s448_d256_lr0.001_p0.30_b48_el1e-06_r2,large,448,256,0.001,0.3,b48,1e-06,2,f1,1,22,0.5221541523933411,0.5156109809875489,0.0088673549758562,0.7751675844192505,0.7350426912307739,0.7635263204574585,0.5701115131378174,0.5374711155891418,0.16277272999286652,0.11098680645227432,23.43,ok
20260909_204201,large_s448_d256_lr0.001_p0.30_none_el1e-06_r4,large,448,256,0.001,0.3,none,1e-06,4,f1,1,24,0.5217288732528687,0.49207583665847776,0.02701440873950425,0.7578741312026978,0.7205443978309631,0.7543638348579407,0.6591582894325256,0.6276595592498779,0.13250194489955902,0.0,10.5,ok
20260909_183741,base_plus_s448_d256_lr0.001_p0.30,base_plus,448,256,0.001,0.3,none,,,f1,1,15,0.5193098783493042,0.49964694380760194,0.01950780689499564,0.8467198610305786,0.8346087336540222,0.7602488994598389,0.5217769145965576,0.5520200729370117,0.11979445815086365,0.0,4.18,ok
20260909_204201,large_s448_d256_lr0.001_p0.30_neck_el1e-05_r1,large,448,256,0.001,0.3,neck,1e-05,1,f1,1,25,0.5189864039421082,0.5069275379180909,0.03074910959041596,0.7586433291435242,0.7231361269950867,0.7583131194114685,0.3515942096710205,0.5709186792373657,0.1948811560869217,0.2754179835319519,10.13,ok
20260909_183741,base_plus_s1024_d256_lr0.001_p0.30,base_plus,1024,256,0.001,0.3,none,,,f1,1,18,0.5173391699790955,0.5002192616462707,0.032375665449844625,0.7419992685317993,0.6993127465248108,0.8198885917663574,0.3656809628009796,0.5154452919960022,0.3953254222869873,0.08372212946414948,21.63,ok
20260909_204201,large_s448_d256_lr0.001_p0.30_b3_el1e-05_r1,large,448,256,0.001,0.3,b3,1e-05,1,f1,1,23,0.5168421864509583,0.5066410362720489,0.015684917084065827,0.7889914512634277,0.7632514238357544,0.7600295543670654,0.4235852062702179,0.4406885504722595,0.19729115068912506,0.2440577894449234,10.91,ok
20260909_204201,large_s448_d256_lr0.001_p0.30_b15_el1e-05_r1,large,448,256,0.001,0.3,b15,1e-05,1,f1,1,14,0.5147767663002014,0.5009796440601348,0.026914624248231583,0.7988454103469849,0.7706776261329651,0.8087872862815857,0.5224061012268066,0.4360865354537964,0.2666344940662384,0.0,10.9,ok
20260909_165356,large_s448_d128_lr0.0003_p0.30,large,448,128,0.0003,0.3,none,,,f1,1,13,0.5133870840072632,,,0.742401659488678,0.693878710269928,0.7867671251296997,0.5122473239898682,0.4989972710609436,0.21736028790473938,0.1420571357011795,7.76,ok
20260909_165356,base_plus_s448_d256_lr0.001_p0.20,base_plus,448,256,0.001,0.2,none,,,f1,1,20,0.5127879977226257,,,0.8309155106544495,0.8222025036811829,0.7902571558952332,0.588980495929718,0.4382953643798828,0.11886519193649292,0.0,4.74,ok
20260909_204201,large_s448_d256_lr0.001_p0.30_b15_el1e-05_r3,large,448,256,0.001,0.3,b15,1e-05,3,f1,1,25,0.5123243927955627,0.5101037383079529,0.004779645263748117,0.8229609131813049,0.8018450140953064,0.7740581631660461,0.3778468370437622,0.48441946506500244,0.26800772547721863,0.05713247135281563,14.35,ok
20260909_204201,large_s448_d256_lr0.001_p0.30_b15_el1e-06_r2,large,448,256,0.001,0.3,b15,1e-06,2,f1,1,26,0.5118314027786255,0.4950337588787079,0.01681130324340151,0.7397556304931641,0.6804962158203125,0.7648128867149353,0.4746575355529785,0.461813360452652,0.3178540766239166,0.1434299647808075,14.19,ok
20260909_204201,large_s448_d256_lr0.001_p0.30_b15_el0.0001_r3,large,448,256,0.001,0.3,b15,0.0001,3,f1,1,18,0.511257529258728,0.5060846030712127,0.028566439326449228,0.7533398270606995,0.7055507898330688,0.7830101847648621,0.6761815547943115,0.46537864208221436,0.1953413337469101,0.0,12.84,ok
20260909_204201,large_s448_d256_lr0.001_p0.30_none_el1e-05_r4,large,448,256,0.001,0.3,none,1e-05,4,f1,1,21,0.5096880793571472,0.49071581959724425,0.01817503234215137,0.7502642869949341,0.7060401439666748,0.7757133841514587,0.6165808439254761,0.4962562322616577,0.2045801877975464,0.018381355330348015,10.44,ok
20260909_204201,large_s448_d256_lr0.001_p0.30_b28_el1e-06_r2,large,448,256,0.001,0.3,b28,1e-06,2,f1,1,27,0.5088545680046082,0.5002196192741394,0.013773388126201313,0.7996857762336731,0.7708953619003296,0.7818865776062012,0.37481391429901123,0.5574357509613037,0.2311033010482788,0.0461614765226841,23.51,ok
20260909_204201,large_s448_d256_lr0.001_p0.30_b28_el1e-06_r3,large,448,256,0.001,0.3,b28,1e-06,3,f1,1,10,0.5074573755264282,0.47927003502845766,0.016021724285740245,0.8133897185325623,0.7908226847648621,0.7242139577865601,0.5776565670967102,0.4724857807159424,0.1736326664686203,0.0,11.18,ok
20260909_165356,large_s448_d256_lr0.0003_p0.20,large,448,256,0.0003,0.2,none,,,f1,1,8,0.506877064704895,,,0.7723680138587952,0.7373083829879761,0.7426597476005554,0.41361477971076965,0.5381290912628174,0.18147292733192444,0.16258637607097626,6.36,ok
20260909_165356,small_s448_d256_lr0.0003_p0.20,small,448,256,0.0003,0.2,none,,,f1,1,7,0.506632387638092,,,0.7887502908706665,0.7557506561279297,0.7051377296447754,0.5701218247413635,0.43255844712257385,0.1616712361574173,0.13243646919727325,2.1,ok
20260909_193955,large_s448_d256_lr0.001_p0.30_none_el0.0001,large,448,256,0.001,0.3,none,0.0001,,f1,1,19,0.5064216256141663,0.4983444333076477,0.01593679794340389,0.7332607507705688,0.6715980768203735,0.7528761625289917,0.4898281693458557,0.5204876065254211,0.17385505139827728,0.2030453085899353,16.34,ok
20260909_204201,large_s448_d256_lr0.001_p0.30_b15_el1e-05_r2,large,448,256,0.001,0.3,b15,1e-05,2,f1,1,22,0.5057139992713928,0.4987951278686523,0.006907685244146816,0.8154101967811584,0.7908672094345093,0.7778329253196716,0.38342851400375366,0.477010577917099,0.23658213019371033,0.058866456151008606,14.14,ok
20260909_204201,large_s448_d256_lr0.001_p0.30_neck_el1e-06_r4,large,448,256,0.001,0.3,neck,1e-06,4,f1,1,22,0.505034327507019,0.4994003415107727,0.022857862425172116,0.7583827972412109,0.7117721438407898,0.7480632066726685,0.47822755575180054,0.5052748322486877,0.22612985968589783,0.10738977789878845,10.1,ok
20260909_204201,large_s448_d256_lr0.001_p0.30_b28_el0.0001_r1,large,448,256,0.001,0.3,b28,0.0001,1,f1,1,6,0.5045430064201355,0.4933783352375031,0.03702704345696578,0.9082575440406799,0.9037841558456421,0.7307916879653931,0.6118997931480408,0.21231694519519806,0.16475093364715576,0.0,8.83,ok
20260909_204201,large_s448_d256_lr0.001_p0.30_b28_el1e-06_r1,large,448,256,0.001,0.3,b28,1e-06,1,f1,1,24,0.5045393705368042,0.5006542444229126,0.01654732919030592,0.7768186330795288,0.7404252290725708,0.771552324295044,0.5254803895950317,0.44002828001976013,0.20579558610916138,0.07167497277259827,17.51,ok
20260910_095607,large_s448_d256_lr0.001_p0.30_b48_el1e-05_r1_f3,large,448,256,0.001,0.3,b48,1e-05,1,f3,1,7,0.5038630962371826,0.46462541818618774,0.042890657672445535,0.7423779368400574,0.6985059380531311,0.9044992327690125,0.3180292546749115,0.2015002816915512,0.1582658588886261,nan,12.55,ok
20260909_204201,large_s448_d256_lr0.001_p0.30_b3_el1e-06_r2,large,448,256,0.001,0.3,b3,1e-06,2,f1,1,29,0.5038198232650757,0.4917336285114288,0.012988578579236515,0.7646694779396057,0.7263486981391907,0.7777979969978333,0.4637112319469452,0.4706525504589081,0.19600972533226013,0.12754929065704346,15.26,ok
20260909_204201,large_s448_d256_lr0.001_p0.30_none_el1e-05_r3,large,448,256,0.001,0.3,none,1e-05,3,f1,1,16,0.503654956817627,0.4918726980686188,0.03919081963266156,0.759615421295166,0.7133970260620117,0.7484497427940369,0.5612672567367554,0.5425835847854614,0.15764333307743073,0.042628344148397446,8.57,ok
20260909_204201,large_s448_d256_lr0.001_p0.30_b3_el0.0001_r2,large,448,256,0.001,0.3,b3,0.0001,2,f1,1,14,0.5036438703536987,0.4664514482021332,0.020065459578502764,0.8091475367546082,0.791550874710083,0.7459514737129211,0.6478726267814636,0.4371551275253296,0.09382962435483932,0.0,8.45,ok
20260909_165356,base_plus_s448_d256_lr0.0003_p0.30,base_plus,448,256,0.0003,0.3,none,,,f1,1,9,0.5028064250946045,,,0.7941115498542786,0.7672811150550842,0.766365647315979,0.5560385584831238,0.46526455879211426,0.1704861968755722,9.739693632582203e-05,3.02,ok
20260909_165356,base_plus_s448_d256_lr0.001_p0.30,base_plus,448,256,0.001,0.3,none,,,f1,1,14,0.5027174353599548,,,0.7925200462341309,0.778682291507721,0.7738049030303955,0.5261074900627136,0.5157766938209534,0.13213074207305908,0.0,3.89,ok
20260909_165356,large_s448_d256_lr0.001_p0.30,large,448,256,0.001,0.3,none,,,f1,1,15,0.5011939406394958,,,0.8161747455596924,0.7927261590957642,0.7461910247802734,0.3879458010196686,0.4290611743927002,0.20351077616214752,0.13274796307086945,8.75,ok
20260909_183741,base_plus_s1024_d512_lr0.001_p0.30,base_plus,1024,512,0.001,0.3,none,,,f1,1,28,0.5011700987815857,0.49155985116958617,0.01867680045640519,0.7137371897697449,0.6454607248306274,0.7965772747993469,0.43795809149742126,0.6379538774490356,0.24463436007499695,0.03186945989727974,27.07,ok
20260909_204201,large_s448_d256_lr0.001_p0.30_none_el1e-06_r1,large,448,256,0.001,0.3,none,1e-06,1,f1,1,17,0.5008575320243835,0.48682405352592467,0.02569434105074903,0.7822440266609192,0.7444155216217041,0.742421567440033,0.401599258184433,0.4558485746383667,0.210433229804039,0.16904029250144958,9.2,ok
20260909_165356,base_plus_s448_d128_lr0.001_p0.30,base_plus,448,128,0.001,0.3,none,,,f1,1,39,0.5007814168930054,,,0.8041902184486389,0.7869079113006592,0.7588038444519043,0.5786155462265015,0.41588786244392395,0.16106456518173218,0.0,6.6,ok
20260909_204201,large_s448_d256_lr0.001_p0.30_neck_el1e-06_r1,large,448,256,0.001,0.3,neck,1e-06,1,f1,1,29,0.5006781220436096,0.49345962405204774,0.02392515137651534,0.7569724917411804,0.7081692218780518,0.7575153112411499,0.5460928678512573,0.4358413815498352,0.21104492247104645,0.08911032229661942,10.12,ok
20260909_165356,large_s448_d128_lr0.0003_p0.20,large,448,128,0.0003,0.2,none,,,f1,1,10,0.4990616738796234,,,0.7484649419784546,0.6991020441055298,0.7683650255203247,0.5188925862312317,0.5370803475379944,0.12981362640857697,0.09171304851770401,6.9,ok
20260909_204201,large_s448_d256_lr0.001_p0.30_neck_el1e-05_r2,large,448,256,0.001,0.3,neck,1e-05,2,f1,1,12,0.4988318383693695,0.49006235003471377,0.017046956188202816,0.7667768001556396,0.7277206182479858,0.748079776763916,0.4088236391544342,0.4476931095123291,0.21391062438488007,0.17881838977336884,7.12,ok
20260909_165356,base_plus_s448_d128_lr0.0003_p0.30,base_plus,448,128,0.0003,0.3,none,,,f1,1,10,0.4980478882789612,,,0.822930634021759,0.8127022981643677,0.7634341716766357,0.5997695922851562,0.38422268629074097,0.10327591001987457,0.0,3.15,ok
20260909_204201,large_s448_d256_lr0.001_p0.30_b15_el1e-06_r3,large,448,256,0.001,0.3,b15,1e-06,3,f1,1,9,0.49771735072135925,0.48132209181785585,0.027509943781046327,0.7844932675361633,0.7516307234764099,0.7529456615447998,0.6087980270385742,0.4353402554988861,0.15081356465816498,0.0,8.6,ok
20260909_204201,large_s448_d256_lr0.001_p0.30_neck_el1e-05_r3,large,448,256,0.001,0.3,neck,1e-05,3,f1,1,9,0.4975515902042389,0.48183403015136717,0.02713339028256515,0.7757444381713867,0.7374047636985779,0.7097822427749634,0.6018934845924377,0.36278748512268066,0.25960877537727356,0.035639770328998566,6.14,ok
20260909_204201,large_s448_d256_lr0.001_p0.30_none_el1e-06_r2,large,448,256,0.001,0.3,none,1e-06,2,f1,1,17,0.49719271063804626,0.49322081804275514,0.010985721663331739,0.7192206382751465,0.6541826725006104,0.7666542530059814,0.43011584877967834,0.4882723093032837,0.17371129989624023,0.24819190800189972,9.31,ok
20260909_204201,large_s448_d256_lr0.001_p0.30_b15_el0.0001_r2,large,448,256,0.001,0.3,b15,0.0001,2,f1,1,9,0.4961504340171814,0.47139524221420287,0.022466115269229984,0.8962129354476929,0.8946012854576111,0.808650553226471,0.5139968991279602,0.21079811453819275,0.14879317581653595,0.0,8.58,ok
20260909_204201,large_s448_d256_lr0.001_p0.30_none_el0.0001_r3,large,448,256,0.001,0.3,none,0.0001,3,f1,1,17,0.49544358253479004,0.48594712615013125,0.01787692568153385,0.7602828145027161,0.7186061143875122,0.7595255374908447,0.4057020843029022,0.5876209735870361,0.12561145424842834,0.1107562854886055,8.99,ok
20260910_095607,large_s448_d256_lr0.001_p0.30_none_el1e-05_r1_f3,large,448,256,0.001,0.3,none,1e-05,1,f3,1,25,0.49481338262557983,0.4872680366039276,0.011222213163543129,0.746401846408844,0.6957122087478638,0.9078046679496765,0.6081359386444092,0.340101957321167,0.16553716361522675,0.0,10.09,ok
20260909_204201,large_s448_d256_lr0.001_p0.30_none_el0.0001_r4,large,448,256,0.001,0.3,none,0.0001,4,f1,1,26,0.4939740002155304,0.48299068212509155,0.014900121585034806,0.7550841569900513,0.7059549689292908,0.7613663673400879,0.3851366341114044,0.4858691096305847,0.25619739294052124,0.10820934176445007,10.07,ok
20260909_204201,large_s448_d256_lr0.001_p0.30_b15_el0.0001_r4,large,448,256,0.001,0.3,b15,0.0001,4,f1,1,9,0.4936082065105438,0.4873075544834137,0.016339666750878317,0.8358055353164673,0.819536030292511,0.7622418999671936,0.6220254898071289,0.21932289004325867,0.19632551074028015,0.0,14.79,ok
20260909_165356,small_s448_d256_lr0.0003_p0.30,small,448,256,0.0003,0.3,none,,,f1,1,3,0.4922810196876526,,,0.8778976798057556,0.8729571104049683,0.7573197484016418,0.4531837999820709,0.3104700446128845,0.174138605594635,0.0,1.77,ok
20260909_165356,small_s448_d256_lr0.001_p0.20,small,448,256,0.001,0.2,none,,,f1,1,37,0.4910590946674347,,,0.6970428228378296,0.611198365688324,0.7463597655296326,0.6424875855445862,0.4554310441017151,0.24072779715061188,0.04416632279753685,4.4,ok
20260909_204201,large_s448_d256_lr0.001_p0.30_none_el0.0001_r1,large,448,256,0.001,0.3,none,0.0001,1,f1,1,12,0.4906151592731476,0.48175342082977296,0.015554168267779602,0.7258443832397461,0.6595367789268494,0.7421200275421143,0.4993189573287964,0.4404004216194153,0.30061766505241394,0.0664680153131485,7.21,ok
20260909_204201,large_s448_d256_lr0.001_p0.30_neck_el1e-06_r2,large,448,256,0.001,0.3,neck,1e-06,2,f1,1,16,0.4904557764530182,0.4735403299331665,0.024533374772350083,0.760016918182373,0.7175822854042053,0.7455915212631226,0.4086475968360901,0.5405136942863464,0.19302567839622498,0.06781243532896042,8.51,ok
20260909_204201,large_s448_d256_lr0.001_p0.30_b3_el1e-05_r3,large,448,256,0.001,0.3,b3,1e-05,3,f1,1,9,0.4899123013019562,0.4736714780330658,0.04263301271997861,0.7706896066665649,0.7296866774559021,0.7528512477874756,0.5318716764450073,0.403923362493515,0.24036367237567902,0.0,7.02,ok
20260909_204201,large_s448_d256_lr0.001_p0.30_b48_el1e-06_r4,large,448,256,0.001,0.3,b48,1e-06,4,f1,1,13,0.48985809087753296,0.4790677845478058,0.04727999508250157,0.7622363567352295,0.7123534679412842,0.710822343826294,0.5508844256401062,0.5083714723587036,0.18433856964111328,0.0,17.07,ok
20260909_204201,large_s448_d256_lr0.001_p0.30_b3_el1e-06_r1,large,448,256,0.001,0.3,b3,1e-06,1,f1,1,25,0.4898252785205841,0.4760160863399506,0.014188652891910373,0.7420450448989868,0.6917924284934998,0.7674416899681091,0.47499093413352966,0.4627762734889984,0.21438828110694885,0.07534234970808029,10.86,ok
20260909_204201,large_s448_d256_lr0.001_p0.30_none_el0.0001_r2,large,448,256,0.001,0.3,none,0.0001,2,f1,1,14,0.4890795350074768,0.48272743821144104,0.0321120247533112,0.7260927557945251,0.6613180637359619,0.7602779269218445,0.3733912706375122,0.48175233602523804,0.25445613265037537,0.1662682145833969,7.91,ok
20260909_165356,small_s448_d128_lr0.0003_p0.20,small,448,128,0.0003,0.2,none,,,f1,1,13,0.48903533816337585,,,0.700340986251831,0.6156705617904663,0.6910707354545593,0.5613659024238586,0.27651336789131165,0.14378632605075836,0.4344993233680725,3.75,ok
20260909_204201,large_s448_d256_lr0.001_p0.30_none_el1e-05_r1,large,448,256,0.001,0.3,none,1e-05,1,f1,1,16,0.48809438943862915,0.4812559187412262,0.019769474096473696,0.7888062596321106,0.7608697414398193,0.7806050181388855,0.35700443387031555,0.376324325799942,0.24659009277820587,0.10646092146635056,8.45,ok
20260909_165356,base_plus_s448_d128_lr0.001_p0.20,base_plus,448,128,0.001,0.2,none,,,f1,1,23,0.4879249632358551,,,0.7965205907821655,0.7747899889945984,0.7772794365882874,0.45181170105934143,0.4664234519004822,0.14864951372146606,0.0,5.36,ok
20260909_204201,large_s448_d256_lr0.001_p0.30_b3_el0.0001_r4,large,448,256,0.001,0.3,b3,0.0001,4,f1,1,23,0.4875141680240631,0.4826513648033142,0.007389315045115376,0.7666003704071045,0.7253026366233826,0.7717680335044861,0.4642035961151123,0.32351329922676086,0.3226771652698517,0.03853389620780945,13.56,ok
20260909_193955,large_s448_d256_lr0.001_p0.30_neck_el0.0001,large,448,256,0.001,0.3,neck,0.0001,,f1,1,15,0.48719456791877747,0.4815554738044739,0.032957188914409664,0.7101271748542786,0.6337554454803467,0.7617773413658142,0.4286009669303894,0.4348065257072449,0.32062986493110657,0.1206645518541336,14.93,ok
20260909_204201,large_s448_d256_lr0.001_p0.30_b3_el1e-05_r4,large,448,256,0.001,0.3,b3,1e-05,4,f1,1,14,0.4868325889110565,0.4797490954399109,0.008400288379988735,0.7639090418815613,0.7189755439758301,0.7224993705749512,0.5331266522407532,0.4562174677848816,0.1526758223772049,0.06042426452040672,8.4,ok
20260909_165356,small_s448_d128_lr0.0003_p0.30,small,448,128,0.0003,0.3,none,,,f1,1,9,0.48682406544685364,,,0.7565003633499146,0.7080449461936951,0.7480887770652771,0.5539360046386719,0.41654446721076965,0.1708701252937317,0.05378364399075508,2.14,ok
20260909_183741,base_plus_s448_d512_lr0.001_p0.30,base_plus,448,512,0.001,0.3,none,,,f1,1,19,0.4865531325340271,0.4818423926830292,0.010430717939630194,0.7786519527435303,0.750599205493927,0.7843707203865051,0.4733760356903076,0.494476318359375,0.1243976503610611,0.0,5.6,ok
20260909_204201,large_s448_d256_lr0.001_p0.30_neck_el0.0001_r4,large,448,256,0.001,0.3,neck,0.0001,4,f1,1,25,0.4860818684101105,0.4781248211860657,0.017257817475406948,0.7214359045028687,0.6564805507659912,0.7829756736755371,0.4064522087574005,0.42569059133529663,0.2668991684913635,0.14263920485973358,10.12,ok
20260909_165356,large_s448_d128_lr0.001_p0.30,large,448,128,0.001,0.3,none,,,f1,1,19,0.48493674397468567,,,0.7340539693832397,0.6769881248474121,0.7670078873634338,0.43048930168151855,0.3987830579280853,0.22953571379184723,0.15769925713539124,9.83,ok
20260909_204201,large_s448_d256_lr0.001_p0.30_b3_el1e-06_r3,large,448,256,0.001,0.3,b3,1e-06,3,f1,1,11,0.4838462173938751,0.4674184560775757,0.029738959200694852,0.797362208366394,0.770581066608429,0.7479574084281921,0.4608701169490814,0.36011576652526855,0.1816798895597458,0.06835716217756271,7.38,ok
20260909_204201,large_s448_d256_lr0.001_p0.30_neck_el0.0001_r1,large,448,256,0.001,0.3,neck,0.0001,1,f1,1,17,0.48324891924858093,0.46026156544685365,0.036711071150202036,0.7815781235694885,0.7468017935752869,0.7684311866760254,0.38899117708206177,0.3838936388492584,0.17245757579803467,0.1405889093875885,8.84,ok
20260909_204201,large_s448_d256_lr0.001_p0.30_neck_el0.0001_r2,large,448,256,0.001,0.3,neck,0.0001,2,f1,1,8,0.4775390326976776,0.4615385830402374,0.020197822747658516,0.836929440498352,0.8233556747436523,0.7553924918174744,0.4804331660270691,0.26961225271224976,0.17705027759075165,0.0,5.83,ok
20260909_204201,large_s448_d256_lr0.001_p0.30_b3_el1e-05_r2,large,448,256,0.001,0.3,b3,1e-05,2,f1,1,15,0.47747233510017395,0.4710135579109192,0.01068737577507692,0.771550178527832,0.7321361303329468,0.7399638295173645,0.37341684103012085,0.31957578659057617,0.24317686259746552,0.1624867022037506,8.76,ok
20260909_204201,large_s448_d256_lr0.001_p0.30_neck_el1e-06_r3,large,448,256,0.001,0.3,neck,1e-06,3,f1,1,16,0.47613054513931274,0.4722329616546631,0.014102376937073804,0.7354404926300049,0.681086540222168,0.7607212066650391,0.4712773859500885,0.3800545334815979,0.11593743413686752,0.18839624524116516,8.5,ok
20260909_165356,small_s448_d128_lr0.001_p0.30,small,448,128,0.001,0.3,none,,,f1,1,15,0.4749319851398468,,,0.7986592650413513,0.7653312683105469,0.7155342698097229,0.5322455167770386,0.36028510332107544,0.12740232050418854,0.0250663124024868,3.82,ok
20260909_204201,large_s448_d256_lr0.001_p0.30_b3_el0.0001_r3,large,448,256,0.001,0.3,b3,0.0001,3,f1,1,26,0.47480979561805725,0.4716195285320282,0.007848808716517802,0.7574816346168518,0.7186455726623535,0.7670929431915283,0.4811649024486542,0.34616199135780334,0.24916972219944,0.003951717168092728,10.94,ok
20260909_204201,large_s448_d256_lr0.001_p0.30_neck_el1e-05_r4,large,448,256,0.001,0.3,neck,1e-05,4,f1,1,12,0.47251930832862854,0.4679565906524658,0.007588225958284843,0.7552517056465149,0.7070596218109131,0.7517508268356323,0.6426556706428528,0.2231561243534088,0.21232575178146362,0.015435336157679558,7.16,ok
20260909_204201,large_s448_d256_lr0.001_p0.30_neck_el0.0001_r3,large,448,256,0.001,0.3,neck,0.0001,3,f1,1,17,0.4685669243335724,0.45464720726013186,0.01210350941089367,0.7717071771621704,0.7337155342102051,0.7556663155555725,0.4113389551639557,0.2837054431438446,0.2317177653312683,0.0921173021197319,8.8,ok
20260909_165356,base_plus_s448_d128_lr0.0003_p0.20,base_plus,448,128,0.0003,0.2,none,,,f1,1,7,0.46705517172813416,,,0.8327006697654724,0.8270177245140076,0.772462010383606,0.46750980615615845,0.2913132607936859,0.07838304340839386,0.0,2.91,ok
20260909_204201,large_s448_d256_lr0.001_p0.30_b3_el0.0001_r1,large,448,256,0.001,0.3,b3,0.0001,1,f1,1,19,0.4665950834751129,0.4588678598403931,0.005318397134281774,0.6934617757797241,0.6040849685668945,0.7640295624732971,0.5874457955360413,0.36017829179763794,0.22154761850833893,0.035417407751083374,10.24,ok
20260909_165356,small_s448_d128_lr0.001_p0.20,small,448,128,0.001,0.2,none,,,f1,1,9,0.46486717462539673,,,0.742702305316925,0.6932723522186279,0.7383458018302917,0.6475764513015747,0.3368223309516907,0.08797013014554977,0.007380781229585409,3.1,ok
20260909_204201,large_s448_d256_lr0.001_p0.30_b3_el1e-06_r4,large,448,256,0.001,0.3,b3,1e-06,4,f1,1,6,0.46453627943992615,0.4449838876724243,0.04019994075921188,0.7954695224761963,0.7704314589500427,0.7437782287597656,0.32844457030296326,0.3633004128932953,0.2503298819065094,0.0,5.52,ok
20260910_095607,large_s448_d256_lr0.001_p0.30_none_el1e-05_r2_f3,large,448,256,0.001,0.3,none,1e-05,2,f3,1,7,0.44268837571144104,0.4362808644771576,0.02363145941199223,0.7351035475730896,0.6728962659835815,0.8547073006629944,0.3387783169746399,0.0,0.05464506894350052,nan,5.39,ok
